firstName,lastName,phone,email,address
Shawna,Yele,608-126-4164,syele0@aol.com,752 Golden Leaf Road
Ramona,Godain,143-861-2112,rgodain1@telegraph.co.uk,6 Russell Center
Katuscha,Kubala,452-806-3021,kkubala2@harvard.edu,5043 Ridgeway Place
Ruprecht,Reavey,406-652-0155,rreavey3@e-recht24.de,1115 Victoria Parkway
Ula,Forrest,903-684-9282,uforrest4@hp.com,29713 Dunning Lane
Kakalina,Permain,353-911-0519,kpermain5@auda.org.au,09936 Summit Junction
Kort,Habben,654-524-6906,khabben6@scribd.com,916 Clemons Road
Gennie,Yesinin,324-621-5752,gyesinin7@vistaprint.com,325 North Terrace
Merrick,Battrick,865-216-8877,mbattrick8@homestead.com,1282 Dawn Way
Jena,Brim,852-758-8580,jbrim9@theguardian.com,837 Manufacturers Junction
Dalli,Spears,737-113-1983,dspearsa@theglobeandmail.com,18915 Porter Park
Rosmunda,Kincade,684-707-7909,rkincadeb@usa.gov,6 Dawn Trail
Korey,Vlach,828-397-0548,kvlachc@surveymonkey.com,6 Duke Point
Herc,Corthes,991-355-5867,hcorthesd@bloglovin.com,93 Magdeline Circle
Virgie,Knock,833-680-2140,vknocke@1688.com,8 Warrior Hill
Kira,Farans,652-571-0656,kfaransf@jimdo.com,40 Eagle Crest Road
Friederike,Shavel,563-601-5535,fshavelg@com.com,28008 Clove Way
Fenelia,Hollidge,909-512-1518,fhollidgeh@diigo.com,37 North Pass
Titus,Sharman,845-881-9784,tsharmani@nbcnews.com,45320 Loeprich Terrace
Isaiah,Pampling,419-739-8995,ipamplingj@patch.com,86 Bluestem Terrace
Bell,Titchard,594-722-1499,btitchardk@oakley.com,158 Namekagon Lane
Christiane,Flann,227-345-6332,cflannl@tripod.com,5 Oriole Plaza
Gladys,Bick,667-373-4312,gbickm@yahoo.com,05825 Prairieview Trail
Nada,Yeend,371-394-6912,nyeendn@geocities.com,7482 Atwood Terrace
Raoul,Bushrod,293-261-2188,rbushrodo@noaa.gov,7 Stang Center
Rhody,Foan,259-388-7595,rfoanp@seesaa.net,8 Corben Parkway
Cordie,Richardon,977-151-0132,crichardonq@reddit.com,1665 Trailsway Way
Codi,Iremonger,455-134-8974,ciremongerr@businesswire.com,1 Russell Way
Seline,Rushsorth,426-255-4451,srushsorths@altervista.org,34423 Buena Vista Street
Tonya,Ritchman,628-296-3725,tritchmant@thetimes.co.uk,0 Anzinger Crossing
Ilse,Acutt,896-183-0723,iacuttu@netscape.com,21132 Brickson Park Circle
Noland,Shillabeare,321-737-0385,nshillabearev@harvard.edu,97114 Mosinee Way
Monica,Locker,770-454-8247,mlockerw@adobe.com,701 Bellgrove Alley
Halie,Bownde,758-931-3118,hbowndex@bing.com,60985 Main Trail
Dulcine,Deere,629-163-7619,ddeerey@bigcartel.com,241 Kedzie Drive
Fabiano,Whyman,463-402-0962,fwhymanz@kickstarter.com,2559 Walton Alley
Marian,O'Carran,589-187-5774,mocarran10@techcrunch.com,8131 Stone Corner Way
Stevie,Greenwood,615-787-1638,sgreenwood11@elpais.com,3 Holmberg Lane
Theresa,Gable,766-692-4344,tgable12@google.it,8024 Meadow Vale Trail
Greggory,Aylin,290-547-5508,gaylin13@edublogs.org,8 Schlimgen Trail
Zsazsa,Huckleby,948-755-4044,zhuckleby14@reference.com,73 Kensington Pass
Gerri,Luckhurst,934-241-5052,gluckhurst15@qq.com,9 Gerald Point
Lucita,Barnett,363-781-1905,lbarnett16@bandcamp.com,194 Mccormick Way
Uri,Harbin,830-713-1158,uharbin17@smh.com.au,0 John Wall Lane
Dill,Coker,139-809-5630,dcoker18@friendfeed.com,501 Prentice Court
Quincy,Redmond,645-333-9996,qredmond19@samsung.com,88879 Old Shore Alley
Carmon,Tregoning,839-931-0837,ctregoning1a@wp.com,0977 Karstens Trail
Moe,Dugall,384-626-1570,mdugall1b@ftc.gov,5840 Clyde Gallagher Pass
Milka,Worms,899-756-7160,mworms1c@naver.com,20933 Oak Crossing
Caresa,Sesser,537-386-0304,csesser1d@woothemes.com,3689 Troy Road
Jacinda,Shewan,834-321-0338,jshewan1e@spotify.com,917 Prentice Plaza
Weber,Ruffler,874-121-7880,wruffler1f@dot.gov,1225 Morrow Place
Jemima,Gault,702-777-0396,jgault1g@scientificamerican.com,2917 Scoville Parkway
Christan,Vidler,523-527-9920,cvidler1h@ycombinator.com,77 Grasskamp Avenue
Vanni,Caulcott,130-803-8064,vcaulcott1i@guardian.co.uk,09449 Hoepker Terrace
Jaye,Mobbs,553-866-2017,jmobbs1j@fastcompany.com,910 Fordem Court
Bobbe,Morbey,732-163-9049,bmorbey1k@mozilla.com,2535 Heffernan Street
Frasco,McLarty,714-695-9394,fmclarty1l@economist.com,5102 Forest Parkway
Rosamund,Vowels,257-832-8486,rvowels1m@sakura.ne.jp,7 Delladonna Parkway
Justis,Pinock,261-871-2787,jpinock1n@walmart.com,75 Anderson Alley
Zacharias,Antic,883-487-7542,zantic1o@digg.com,063 Nobel Plaza
Zolly,Benam,418-603-5376,zbenam1p@umich.edu,551 Montana Avenue
Amitie,Benton,517-291-6813,abenton1q@taobao.com,58 Longview Drive
Barby,Coucher,996-252-1641,bcoucher1r@e-recht24.de,65 Paget Way
Maxie,Ratke,888-377-0608,mratke1s@creativecommons.org,27299 Lakeland Terrace
Demeter,Hollingdale,120-360-1496,dhollingdale1t@cpanel.net,7 Vermont Parkway
Jaine,Toyne,753-178-9321,jtoyne1u@tiny.cc,81 Scofield Parkway
Lynnette,Marlowe,142-836-1312,lmarlowe1v@surveymonkey.com,645 Blackbird Circle
Meryl,Keme,777-592-3868,mkeme1w@census.gov,9134 Elka Circle
Marietta,Paudin,456-917-9281,mpaudin1x@ifeng.com,2 Northridge Alley
Aida,Leer,905-509-5523,aleer1y@nbcnews.com,6952 Dottie Hill
Barrett,Brideau,862-253-0516,bbrideau1z@mozilla.com,763 Daystar Pass
Briny,Swadon,970-970-8899,bswadon20@nymag.com,79 Ilene Alley
Casper,Durrett,663-513-4582,cdurrett21@constantcontact.com,5 Hazelcrest Avenue
Monroe,Carcas,771-813-5092,mcarcas22@yolasite.com,47023 Summit Circle
Lazare,Saldler,153-685-7440,lsaldler23@howstuffworks.com,132 Onsgard Avenue
Marketa,McCready,238-122-9844,mmccready24@barnesandnoble.com,79735 Golden Leaf Hill
Dermot,Clayden,620-811-9752,dclayden25@ed.gov,886 Kensington Parkway
Hildy,Skermer,598-411-4352,hskermer26@forbes.com,0200 Maryland Avenue
Alexia,Cherrington,533-758-6930,acherrington27@gizmodo.com,38370 Derek Alley
Karolina,Wohlers,482-569-8184,kwohlers28@pcworld.com,9 Anderson Parkway
Bobby,Spire,192-886-9456,bspire29@hibu.com,23 Burrows Point
Myra,Fenne,364-232-4137,mfenne2a@nbcnews.com,01053 Fair Oaks Place
Marijn,Orford,910-401-2468,morford2b@hatena.ne.jp,27843 Little Fleur Plaza
Maddie,McShane,698-311-3448,mmcshane2c@rambler.ru,88188 Morning Parkway
Hilary,Klawi,893-973-9300,hklawi2d@berkeley.edu,63 Claremont Terrace
Hallie,Bloxland,640-778-9891,hbloxland2e@weibo.com,4 Kipling Pass
Carl,Farguhar,948-829-7618,cfarguhar2f@nsw.gov.au,6874 Forest Court
Fawnia,Offen,558-424-1389,foffen2g@list-manage.com,55 Sage Crossing
Ursa,Mottinelli,676-892-9748,umottinelli2h@mediafire.com,71 Sutteridge Plaza
Reidar,De Matteis,764-445-8997,rdematteis2i@noaa.gov,15851 Laurel Circle
Didi,Orris,802-242-3244,dorris2j@123-reg.co.uk,437 David Hill
Alexander,Sherar,440-507-9175,asherar2k@archive.org,2 Maple Trail
Kevina,Luscott,536-416-9360,kluscott2l@ezinearticles.com,02 Londonderry Road
Orson,McCulloch,549-148-9635,omcculloch2m@w3.org,374 Commercial Way
Herb,Rogans,589-243-8260,hrogans2n@ca.gov,3 Stoughton Pass
Petronella,Brumble,923-257-5929,pbrumble2o@nps.gov,301 Randy Park
Jackelyn,Loveday,473-764-3004,jloveday2p@shop-pro.jp,7077 Russell Pass
Leland,Koopman,956-441-2268,lkoopman2q@google.com.au,4253 1st Crossing
Angie,Wilflinger,294-612-0054,awilflinger2r@amazon.de,1 Ronald Regan Avenue
Charlotte,Woodeson,782-140-2526,cwoodeson2s@blogger.com,83 Pepper Wood Trail
Poppy,Mart,587-657-6081,pmart2t@com.com,6 Sycamore Road
Kariotta,O'Rourke,718-648-3507,korourke2u@usda.gov,8639 Veith Trail
Dodi,Fulton,544-476-5137,dfulton2v@privacy.gov.au,702 Lighthouse Bay Lane
Sonja,Huyton,447-843-0671,shuyton2w@wp.com,39177 Russell Street
Vonni,Brookbank,556-232-0972,vbrookbank2x@hostgator.com,83622 Vernon Junction
Garrott,Ruslin,196-588-8862,gruslin2y@yelp.com,336 Walton Parkway
Viviana,Wittleton,686-390-1400,vwittleton2z@bizjournals.com,83 Stuart Crossing
Delora,Fisk,867-639-7818,dfisk30@shop-pro.jp,6 Melrose Street
Sapphira,Egglestone,332-651-0877,segglestone31@skype.com,6736 Birchwood Center
Gerek,Bahl,997-773-6794,gbahl32@livejournal.com,3818 Warner Alley
Arnold,Paolillo,179-898-2428,apaolillo33@geocities.com,32 Birchwood Parkway
Howey,Dyshart,491-695-2977,hdyshart34@ask.com,20 Clarendon Plaza
Jemie,Christophle,171-792-8300,jchristophle35@wordpress.com,9 Briar Crest Park
Caprice,Crowd,713-631-4839,ccrowd36@123-reg.co.uk,1 Coleman Terrace
Hebert,Belloch,439-330-0095,hbelloch37@sourceforge.net,7039 Petterle Circle
Christan,Jeyes,499-820-6405,cjeyes38@hud.gov,49 Northridge Alley
Kathe,Lasselle,465-316-6928,klasselle39@digg.com,1659 Sunnyside Crossing
Bogart,Slyne,905-600-7521,bslyne3a@reverbnation.com,76 Sauthoff Point
Jeromy,Heymes,486-586-9443,jheymes3b@ucla.edu,09 Tony Road
Herbert,Hryncewicz,432-666-3853,hhryncewicz3c@stumbleupon.com,5617 Mayer Alley
Merle,Novacek,328-433-8574,mnovacek3d@last.fm,1071 Hooker Parkway
Vasili,Garrood,641-257-4763,vgarrood3e@illinois.edu,185 Bayside Lane
Hale,Chandler,209-137-1768,hchandler3f@google.es,06 Sloan Place
Lizbeth,Petrushkevich,713-597-0354,lpetrushkevich3g@cbsnews.com,635 Southridge Alley
Shaun,Smeuin,322-201-0290,ssmeuin3h@histats.com,06 Lotheville Avenue
Gabbie,Danielczyk,784-989-0437,gdanielczyk3i@huffingtonpost.com,8219 Talmadge Park
Bink,Kenworthy,380-793-8536,bkenworthy3j@usa.gov,026 Talisman Parkway
Elva,Wagstaff,361-370-6840,ewagstaff3k@reddit.com,6377 Huxley Circle
Karlens,Chesley,912-206-7820,kchesley3l@usa.gov,978 Mockingbird Trail
Buddy,Kohneke,624-666-9575,bkohneke3m@slate.com,4 Clemons Hill
Herve,Liddell,877-283-5000,hliddell3n@xrea.com,7 Crownhardt Center
Wynnie,Braisted,576-652-5692,wbraisted3o@booking.com,62 Sherman Road
Fiann,Derycot,384-914-8014,fderycot3p@macromedia.com,899 Mcbride Center
Lenci,Drescher,612-730-4876,ldrescher3q@360.cn,5 Colorado Junction
Diego,Harlow,230-339-4775,dharlow3r@issuu.com,73 Myrtle Court
Anabelle,Jelphs,361-588-5451,ajelphs3s@wikipedia.org,759 Hermina Place
Ashly,Gorriessen,960-224-0373,agorriessen3t@irs.gov,3861 Vermont Hill
Damien,Banker,582-251-8743,dbanker3u@ycombinator.com,95327 Boyd Center
Joycelin,Cornish,432-921-4389,jcornish3v@twitter.com,65354 Main Circle
Guenna,O'Currane,593-498-0376,gocurrane3w@time.com,2 American Pass
Dino,Spollen,505-350-7704,dspollen3x@godaddy.com,78 Coleman Pass
Dougy,Karby,920-748-0021,dkarby3y@github.com,3766 Old Shore Drive
Sancho,Goreisr,275-680-2012,sgoreisr3z@wisc.edu,4163 Thackeray Park
Nina,Cornely,423-681-9405,ncornely40@apache.org,0276 Surrey Avenue
Malorie,Guare,440-223-6331,mguare41@reverbnation.com,02 Anhalt Park
Stanford,Haddon,428-323-8650,shaddon42@cbslocal.com,964 Blue Bill Park Circle
Nelly,Truse,330-657-8487,ntruse43@elpais.com,783 Westend Junction
Ricca,Hayden,905-727-8945,rhayden44@linkedin.com,1 Evergreen Street
Claiborne,Capineer,636-314-2562,ccapineer45@bluehost.com,61 Prairieview Junction
Joellen,McGeechan,347-933-3909,jmcgeechan46@sitemeter.com,68853 North Hill
Filide,Dilger,329-421-1841,fdilger47@sakura.ne.jp,6411 Scofield Lane
Kane,Screwton,625-647-7010,kscrewton48@nymag.com,8364 Mosinee Lane
Kandy,Dun,483-676-1493,kdun49@miibeian.gov.cn,5371 Rigney Plaza
Kathy,Wenham,627-531-4958,kwenham4a@europa.eu,90 Buhler Avenue
Gray,Hanscomb,711-852-5589,ghanscomb4b@privacy.gov.au,50576 Rusk Way
Seth,Cloute,893-382-7879,scloute4c@senate.gov,2 Del Mar Street
Allx,McRavey,580-215-5612,amcravey4d@privacy.gov.au,23 Logan Hill
Laverne,Tarry,299-280-9009,ltarry4e@apple.com,8 Fair Oaks Street
Skippy,Vitall,970-647-2277,svitall4f@t-online.de,3 Hollow Ridge Crossing
Jonis,Hadigate,755-748-8860,jhadigate4g@oakley.com,6 Forest Way
Lexine,Orgel,563-587-8569,lorgel4h@mtv.com,3770 Basil Drive
Kristofer,Stockbridge,826-868-8074,kstockbridge4i@mac.com,5 Grayhawk Avenue
Sayer,Cockle,238-852-8063,scockle4j@dailymail.co.uk,9296 Fisk Pass
Arny,Siviour,263-337-1945,asiviour4k@apple.com,0 Sugar Place
Tully,Toon,777-797-1918,ttoon4l@simplemachines.org,6571 Harbort Park
Prue,Cookes,528-678-1973,pcookes4m@omniture.com,79127 Pine View Avenue
Amye,Lavrick,929-453-2048,alavrick4n@rakuten.co.jp,6 Tomscot Center
Roxie,Sidworth,498-104-4214,rsidworth4o@ucoz.ru,992 Toban Circle
Mel,Blinder,412-811-9270,mblinder4p@google.co.jp,6 Tennyson Parkway
Theodoric,Haskayne,335-169-9922,thaskayne4q@nbcnews.com,74 Badeau Hill
Sargent,Ledson,630-416-4525,sledson4r@nsw.gov.au,93267 Everett Place
Palm,Lorrain,884-741-7637,plorrain4s@amazon.de,35 Nova Road
Beatrice,Bohan,275-603-6445,bbohan4t@4shared.com,567 Lunder Way
Keelby,Hamal,909-696-9822,khamal4u@diigo.com,0242 Mcguire Point
Dexter,Limprecht,374-791-0272,dlimprecht4v@sina.com.cn,5466 Prairie Rose Trail
Heather,Krolle,614-600-6390,hkrolle4w@netscape.com,04949 Melvin Park
Chelsae,Buttriss,458-436-7851,cbuttriss4x@state.tx.us,20786 Sachtjen Avenue
Lindy,Magnus,367-135-8012,lmagnus4y@ebay.com,721 Emmet Place
Tova,Tremellan,294-456-7980,ttremellan4z@tripod.com,2853 East Center
Ardra,Goodrum,356-466-3129,agoodrum50@apache.org,819 Portage Park
Cristal,Girod,626-351-4063,cgirod51@columbia.edu,002 Kensington Drive
Rhody,Adamec,382-698-0633,radamec52@prnewswire.com,334 Oak Valley Crossing
Tony,Stoffer,550-494-1798,tstoffer53@rambler.ru,798 Clarendon Pass
Constantine,Reisin,916-956-6152,creisin54@marketwatch.com,6 Cascade Junction
Monroe,Bothie,310-921-1565,mbothie55@hc360.com,87 Monument Plaza
Barret,Wood,124-382-1493,bwood56@yellowpages.com,51 Merchant Terrace
Red,Inker,534-597-5439,rinker57@buzzfeed.com,426 Birchwood Road
Hall,Espino,392-404-5434,hespino58@dailymotion.com,49 Old Shore Park
Norbert,MacNamee,656-768-6475,nmacnamee59@shareasale.com,756 Grayhawk Drive
Laraine,Gypps,212-154-3439,lgypps5a@networkadvertising.org,454 Bluestem Court
Karlie,Brownlee,710-909-5373,kbrownlee5b@bandcamp.com,5 Tennessee Center
Ora,Antoszewski,283-430-1773,oantoszewski5c@goodreads.com,21 Weeping Birch Terrace
Myles,McCerery,780-233-3386,mmccerery5d@reverbnation.com,8767 Stuart Drive
Charyl,Skule,352-855-0230,cskule5e@fda.gov,871 Raven Place
Yasmeen,Davidson,266-761-7717,ydavidson5f@indiegogo.com,6 Gale Center
Alfredo,Josefowicz,940-867-6342,ajosefowicz5g@accuweather.com,8193 Loeprich Hill
Dal,Polsin,666-450-0236,dpolsin5h@deliciousdays.com,849 Farmco Lane
Marietta,Collumbine,614-739-9661,mcollumbine5i@myspace.com,9560 Delladonna Hill
Renata,Tohill,472-983-8635,rtohill5j@mac.com,42788 Merrick Plaza
Kyla,Bavister,528-692-4701,kbavister5k@geocities.com,1922 Crescent Oaks Court
Austin,Blackledge,609-267-8205,ablackledge5l@nature.com,5 Sunfield Pass
Aili,Deeming,337-775-0873,adeeming5m@columbia.edu,28555 Claremont Drive
Daryl,Trotman,512-989-9396,dtrotman5n@smugmug.com,4 Corscot Drive
Diandra,Mandrey,304-712-9734,dmandrey5o@acquirethisname.com,2 Fulton Road
Shay,Haining,951-102-0613,shaining5p@dropbox.com,747 Londonderry Point
Roscoe,Ferrarini,295-509-9069,rferrarini5q@oracle.com,690 Spenser Way
Rivy,Blaycock,433-389-1852,rblaycock5r@myspace.com,0974 Holy Cross Avenue
Willis,Presho,219-747-6403,wpresho5s@simplemachines.org,9115 Melby Parkway
Evangeline,Relfe,436-984-1989,erelfe5t@cnbc.com,523 Pond Way
Bev,Noli,138-170-3491,bnoli5u@elpais.com,07 Park Meadow Hill
Dom,Oselton,457-464-3559,doselton5v@csmonitor.com,301 Myrtle Junction
Lesley,Jiruca,486-473-9146,ljiruca5w@alexa.com,3070 Westridge Parkway
Erhard,Godon,147-556-1706,egodon5x@google.ca,6 Arapahoe Court
Goldi,Baty,571-694-4105,gbaty5y@eepurl.com,397 Nova Lane
Markos,Birdseye,910-235-5674,mbirdseye5z@blogger.com,78 Coolidge Crossing
Malinde,Vanelli,255-369-0886,mvanelli60@pbs.org,4 Maple Court
Devi,Demsey,683-765-3622,ddemsey61@nydailynews.com,68511 Morningstar Park
Dene,Gleadle,873-164-0237,dgleadle62@gnu.org,4 Hudson Plaza
Carma,Scorthorne,775-325-7109,cscorthorne63@youku.com,66527 Marquette Crossing
Izak,Berzon,422-174-0759,iberzon64@multiply.com,61219 Maryland Plaza
Samuele,Botterman,277-441-3236,sbotterman65@independent.co.uk,0103 Vera Point
Hermie,Mutch,839-789-0624,hmutch66@dyndns.org,3684 Iowa Point
Ardath,Snelle,583-260-9162,asnelle67@about.com,12 Meadow Vale Court
Lonnie,Harkin,244-379-5301,lharkin68@harvard.edu,2 Fremont Park
Cayla,Reina,810-541-2454,creina69@chicagotribune.com,79071 Jenifer Center
Fay,Ballsdon,962-731-7453,fballsdon6a@dell.com,792 Magdeline Plaza
Jarrad,Ashborn,960-342-1240,jashborn6b@paginegialle.it,938 Iowa Court
Essy,Ebbs,480-879-8816,eebbs6c@cbc.ca,03 Hooker Drive
Adrianna,Vassman,529-180-9970,avassman6d@reference.com,88818 Pawling Place
Chrotoem,Rought,435-916-0931,crought6e@tuttocitta.it,6 Forest Run Place
Gwenny,McComas,630-260-3913,gmccomas6f@hugedomains.com,5 Sauthoff Way
Bernarr,Cartmell,606-736-5039,bcartmell6g@unc.edu,8 Magdeline Pass
Natka,Torbet,534-859-0868,ntorbet6h@wp.com,4 Jenifer Court
Mar,Celle,689-312-0710,mcelle6i@slashdot.org,63 Mockingbird Center
Lyle,Sharnock,213-997-2905,lsharnock6j@smugmug.com,33707 Cambridge Point
Stephani,Farnell,333-107-9285,sfarnell6k@hubpages.com,549 Hooker Center
Phylys,Gavaghan,150-836-5546,pgavaghan6l@facebook.com,97 Corscot Alley
Shay,Inderwick,972-877-4371,sinderwick6m@pinterest.com,09301 Stuart Hill
Vicki,O'Driscoll,623-785-3293,vodriscoll6n@behance.net,44 Crest Line Hill
Dennet,Di Pietro,618-660-6041,ddipietro6o@mediafire.com,674 Lawn Pass
Maryjo,Fawdrie,547-466-8751,mfawdrie6p@bloglines.com,51 Petterle Lane
Rosemarie,Hibbart,273-971-0960,rhibbart6q@google.com.au,8 Dapin Hill
Phineas,Evensden,801-352-6832,pevensden6r@plala.or.jp,4 Main Court
Randolph,D'Aguanno,467-764-5247,rdaguanno6s@studiopress.com,0021 Sunfield Junction
Bronnie,Filppetti,258-695-8408,bfilppetti6t@myspace.com,9022 Monica Point
Meredith,Stithe,353-440-2708,mstithe6u@acquirethisname.com,77 Londonderry Park
Rania,Lydster,865-646-1337,rlydster6v@chicagotribune.com,40605 Londonderry Parkway
Pru,Yannikov,773-343-0148,pyannikov6w@etsy.com,6 American Parkway
Roseanne,Boor,179-409-8403,rboor6x@nba.com,3638 Toban Park
Abbe,Kulvear,785-724-9082,akulvear6y@diigo.com,9 Elka Plaza
Ulick,Trighton,232-840-3166,utrighton6z@tinypic.com,863 Waywood Hill
Beverlie,Todhunter,871-435-6938,btodhunter70@t-online.de,22631 Saint Paul Court
Isabeau,Georges,816-584-3380,igeorges71@seattletimes.com,07 Nova Plaza
Murdock,Gunney,506-730-9390,mgunney72@cnbc.com,96 Moulton Way
Adora,Overy,198-683-5729,aovery73@soundcloud.com,7 Comanche Road
James,Keat,990-492-1757,jkeat74@wordpress.com,0884 Buena Vista Circle
Leia,Lewnden,724-483-3449,llewnden75@4shared.com,3 Loomis Plaza
Bran,Scripture,941-333-0082,bscripture76@over-blog.com,37 Crownhardt Place
Janette,Adelberg,491-368-3221,jadelberg77@cmu.edu,91 Merry Way
Claudio,Firbank,941-160-2100,cfirbank78@surveymonkey.com,6777 Briar Crest Circle
Fairlie,McFadin,476-727-9035,fmcfadin79@home.pl,5 Messerschmidt Street
Chet,Iwanowski,211-176-8114,ciwanowski7a@i2i.jp,1203 Mccormick Circle
Vonny,Plewright,246-865-0718,vplewright7b@japanpost.jp,81 Browning Street
Godfry,Laneham,535-469-5594,glaneham7c@jiathis.com,609 Ohio Street
Murdoch,Tew,543-292-5737,mtew7d@bing.com,27 Nancy Terrace
Brien,Pavlovsky,814-290-4679,bpavlovsky7e@hp.com,8 Dexter Way
Roseanne,Curry,784-378-1091,rcurry7f@biglobe.ne.jp,470 Everett Lane
Bartolemo,Greenly,544-771-9586,bgreenly7g@cornell.edu,69331 Melrose Avenue
Burnaby,Spear,455-878-2751,bspear7h@bing.com,604 Lukken Alley
Ardenia,Kyteley,315-358-3317,akyteley7i@vk.com,3768 American Ash Street
Connie,Rumney,458-354-5270,crumney7j@posterous.com,2071 Carioca Park
Wayland,Pirrey,402-247-5401,wpirrey7k@mail.ru,9 Clarendon Junction
Delcina,Hegg,229-997-7371,dhegg7l@go.com,52927 Dennis Junction
Lucas,Niblock,246-726-8882,lniblock7m@google.com.br,2844 Del Mar Lane
Nanci,Hatchett,976-415-1145,nhatchett7n@cam.ac.uk,615 Coleman Pass
Cathee,Bossingham,904-517-0305,cbossingham7o@amazon.co.jp,02 Monica Place
Jerald,Mostin,974-186-8095,jmostin7p@nasa.gov,68 Mariners Cove Alley
Pammi,Brocklebank,579-586-9241,pbrocklebank7q@theatlantic.com,8 Daystar Way
Ewan,Hayer,281-623-5719,ehayer7r@nature.com,6 Rowland Terrace
Cynde,Matteau,128-449-4256,cmatteau7s@java.com,7 Tomscot Alley
Iona,Issacson,413-251-1901,iissacson7t@time.com,79015 Service Junction
Debera,Narramore,109-217-7364,dnarramore7u@independent.co.uk,1171 Bayside Crossing
Delphinia,Tettley,825-308-2922,dtettley7v@youku.com,2888 Ridgeway Court
Sander,Junkinson,748-572-5873,sjunkinson7w@devhub.com,667 Clemons Plaza
Massimo,Mellodey,271-950-5808,mmellodey7x@purevolume.com,7 Bayside Drive
Morey,Kitman,901-261-3984,mkitman7y@live.com,8799 Pawling Street
Gabrila,Melley,555-683-6149,gmelley7z@seattletimes.com,4416 Glendale Hill
Nobie,Eddisford,219-503-8228,neddisford80@berkeley.edu,23 Superior Terrace
Ofella,Tombleson,923-678-0511,otombleson81@indiegogo.com,5134 Luster Hill
Steffen,Maass,963-780-4155,smaass82@webs.com,47 Pleasure Pass
Donni,Bremond,573-223-9976,dbremond83@usgs.gov,9578 Union Avenue
Thaxter,Penella,769-537-5035,tpenella84@networkadvertising.org,84073 Summerview Drive
Royce,Tear,407-143-3423,rtear85@independent.co.uk,0158 Sunnyside Plaza
Cynthea,Locarno,240-241-1781,clocarno86@apple.com,76 Daystar Junction
Francene,Tams,284-883-3200,ftams87@usa.gov,9764 Oakridge Lane
Mike,Wilfinger,170-500-3795,mwilfinger88@gravatar.com,309 Northview Trail
Byrom,Merrill,705-802-6317,bmerrill89@surveymonkey.com,96 Warner Street
Ainslie,Fairn,405-356-7621,afairn8a@4shared.com,9 Sommers Terrace
Ker,Pagden,591-204-2727,kpagden8b@pagesperso-orange.fr,8 Lakewood Gardens Center
Maryellen,Crosi,937-899-7170,mcrosi8c@123-reg.co.uk,99465 Sutherland Road
Sabine,Grichukhin,547-507-5245,sgrichukhin8d@hugedomains.com,4 Briar Crest Hill
Malchy,Dallaghan,211-367-7461,mdallaghan8e@booking.com,17 Bayside Trail
Parrnell,Ventham,484-313-8644,pventham8f@ucsd.edu,6 Briar Crest Court
Karalynn,Visco,991-128-1935,kvisco8g@wikia.com,1757 Mesta Pass
Gert,Lackney,524-685-1764,glackney8h@paginegialle.it,8790 Norway Maple Street
Rubetta,Rowly,945-185-3589,rrowly8i@netvibes.com,8369 Annamark Trail
Dinah,Sherr,947-280-9429,dsherr8j@studiopress.com,16 Del Mar Court
Rosmunda,Iowarch,755-870-6925,riowarch8k@mtv.com,33 International Drive
Hersch,Bloggett,501-505-3432,hbloggett8l@irs.gov,2923 Blackbird Park
Hyatt,Vawton,256-845-1720,hvawton8m@techcrunch.com,75521 Orin Terrace
Hugues,Horbart,706-226-0957,hhorbart8n@mac.com,32130 Duke Point
Ab,Aughtie,111-194-8049,aaughtie8o@webeden.co.uk,32 Colorado Place
Errick,Stoop,617-445-1749,estoop8p@a8.net,41 Northridge Circle
Catarina,Knapman,842-897-3153,cknapman8q@seattletimes.com,210 Hoffman Junction
Letta,Inkin,614-939-2340,linkin8r@home.pl,20 Esch Junction
Deva,Camus,305-198-0366,dcamus8s@parallels.com,93 Mccormick Terrace
Doyle,Biddle,215-667-9077,dbiddle8t@zimbio.com,6 Harbort Road
Mariellen,Paffitt,636-208-4824,mpaffitt8u@ameblo.jp,9981 Kensington Junction
Caspar,Dayes,579-166-9620,cdayes8v@bigcartel.com,42 Division Crossing
Dido,Plessing,919-487-2484,dplessing8w@360.cn,375 Dottie Parkway
Issie,Meckiff,251-873-9615,imeckiff8x@naver.com,795 Goodland Parkway
Ludwig,Fitchett,305-178-2634,lfitchett8y@ow.ly,29142 Coleman Street
Carla,Habron,133-182-6906,chabron8z@biglobe.ne.jp,632 American Court
Allene,Silwood,987-739-8901,asilwood90@smh.com.au,8 Carioca Plaza
Nevil,Marshallsay,315-272-8942,nmarshallsay91@github.com,1642 Logan Street
Krishnah,Cutajar,644-574-8997,kcutajar92@de.vu,6180 Laurel Pass
Hally,Labdon,177-571-3387,hlabdon93@123-reg.co.uk,89333 Westridge Park
Randy,Wildash,646-731-7907,rwildash94@mapy.cz,4564 6th Way
Tillie,Hullins,700-531-7097,thullins95@blogger.com,5132 6th Plaza
Liv,Martijn,830-197-2063,lmartijn96@mediafire.com,072 Division Drive
Jarvis,Hail,192-823-8097,jhail97@t.co,55 Maryland Terrace
Renard,Esmead,760-517-4033,resmead98@vk.com,142 Main Pass
Corey,Jarvie,384-645-8820,cjarvie99@google.de,216 2nd Drive
Shane,Jeyness,463-668-3561,sjeyness9a@google.de,239 Calypso Hill
Winnifred,Dowse,650-652-7751,wdowse9b@github.com,0 Northfield Street
Arden,Costin,585-151-1880,acostin9c@php.net,948 Loeprich Hill
Veriee,Gingles,567-321-4200,vgingles9d@umich.edu,15729 Mccormick Drive
Foster,Cayser,914-404-7910,fcayser9e@reverbnation.com,349 1st Road
Bogart,Carabet,804-421-1805,bcarabet9f@toplist.cz,48 Namekagon Pass
Camilla,Docwra,882-438-6996,cdocwra9g@1688.com,82 Oakridge Pass
Robin,Daly,115-936-7681,rdaly9h@wordpress.com,081 Ludington Point
Theresita,Digger,397-732-0319,tdigger9i@t.co,9350 Talisman Pass
Mable,McGeorge,796-209-8175,mmcgeorge9j@umich.edu,748 Vera Avenue
Minta,Hallford,191-323-8716,mhallford9k@pcworld.com,9 Lillian Parkway
Hagan,Iannelli,900-253-3531,hiannelli9l@craigslist.org,046 Scoville Court
Cordell,Sclanders,301-584-9527,csclanders9m@drupal.org,61938 Prairieview Avenue
Jamima,Lamburne,304-726-2811,jlamburne9n@youtu.be,0 Welch Junction
Noak,Stansall,392-955-4765,nstansall9o@51.la,5 Katie Hill
Michelle,Chamberlayne,324-876-1288,mchamberlayne9p@apache.org,9397 Shopko Parkway
Nealy,Blount,982-814-0946,nblount9q@hugedomains.com,3751 Trailsway Avenue
Roxie,Lammerts,331-329-8508,rlammerts9r@reddit.com,796 Orin Way
Nelie,Smorfit,352-275-6089,nsmorfit9s@exblog.jp,5 Rockefeller Circle
Leland,Eland,512-191-0716,leland9t@guardian.co.uk,5 Hauk Trail
Benni,O'Kieran,544-990-4667,bokieran9u@cnn.com,5 Maple Wood Plaza
Violante,Cazereau,702-982-0161,vcazereau9v@vimeo.com,781 Dovetail Point
Stanfield,Game,129-546-8587,sgame9w@squidoo.com,09 Anderson Drive
Josias,Raynor,578-321-2981,jraynor9x@wunderground.com,6768 Oriole Lane
Trumaine,Nehls,470-782-2406,tnehls9y@miibeian.gov.cn,085 Hollow Ridge Street
Paige,Ellens,144-306-7530,pellens9z@clickbank.net,83998 Declaration Circle
Belinda,Townby,532-854-3251,btownbya0@adobe.com,153 Ludington Lane
Humfried,Thornley,743-195-4125,hthornleya1@ebay.co.uk,0929 Fallview Park
Bunni,Smoth,953-826-4452,bsmotha2@globo.com,442 Sunfield Street
Paulie,Glancey,476-532-9352,pglanceya3@twitter.com,0100 Bayside Drive
Sheridan,Crighton,956-963-6514,scrightona4@google.co.uk,0044 Karstens Pass
Beck,Collin,844-555-8264,bcollina5@devhub.com,0414 Stuart Plaza
Aida,Hulmes,488-951-0485,ahulmesa6@nih.gov,92 Tomscot Center
Mari,Hastwell,939-729-0387,mhastwella7@sakura.ne.jp,01 Bobwhite Drive
Trace,Fawson,699-238-5076,tfawsona8@jalbum.net,0244 Haas Drive
Irina,Elwill,173-270-9953,ielwilla9@drupal.org,72 Red Cloud Trail
Leroi,Billett,572-923-2751,lbillettaa@noaa.gov,47 Lakewood Gardens Circle
Justino,Wilsey,181-595-1294,jwilseyab@irs.gov,65949 Aberg Way
Buckie,Seyers,609-568-6492,bseyersac@yellowbook.com,096 Walton Street
Orv,Overil,178-801-1391,ooverilad@eepurl.com,005 Debra Plaza
Babara,Blenkinship,674-138-8715,bblenkinshipae@chronoengine.com,62036 8th Terrace
Terri,Prester,946-400-4847,tpresteraf@tripod.com,93126 Coleman Park
Lavinia,Reddle,913-334-2175,lreddleag@dailymail.co.uk,9109 Anthes Hill
Emmett,Goodey,977-955-7733,egoodeyah@vkontakte.ru,37418 Brickson Park Avenue
Prudi,Fitchet,807-494-6882,pfitchetai@aol.com,5 Waywood Hill
Basilius,De Bruyn,120-474-0243,bdebruynaj@163.com,9 Kensington Place
Zita,Liccardo,771-600-7945,zliccardoak@woothemes.com,32 Transport Plaza
Amory,Willey,807-393-6751,awilleyal@house.gov,2 Shoshone Circle
Katherine,Burress,517-876-4341,kburressam@hhs.gov,26 Hoffman Lane
Ardys,Konrad,320-580-1552,akonradan@accuweather.com,5 Longview Trail
Koralle,Kahan,553-967-3368,kkahanao@independent.co.uk,44 Mesta Parkway
Cathlene,Cancutt,926-871-5965,ccancuttap@baidu.com,0 Transport Street
Josee,Mephan,967-700-5486,jmephanaq@symantec.com,086 Russell Circle
Hurleigh,Seeman,663-199-0259,hseemanar@scientificamerican.com,03521 Memorial Plaza
Inger,Petrillo,724-116-1368,ipetrilloas@oakley.com,9904 Melody Parkway
Eldin,Bernucci,586-724-0391,ebernucciat@accuweather.com,62 Lyons Plaza
Curr,Haycox,417-277-9338,chaycoxau@ftc.gov,2 Delaware Point
Michel,Lillico,783-425-5342,mlillicoav@ucoz.ru,1918 La Follette Road
Shaina,Bliven,629-594-8479,sblivenaw@ibm.com,60 Memorial Drive
Hasty,Preddy,577-353-5452,hpreddyax@bloomberg.com,311 Farragut Park
Moses,Blundell,578-858-4229,mblundellay@google.nl,30691 North Court
Elisha,Friend,329-523-5147,efriendaz@ocn.ne.jp,7839 Oneill Place
Lorenza,Onraet,869-451-3059,lonraetb0@msu.edu,2 Manley Place
Herta,Pantecost,382-800-0437,hpantecostb1@nba.com,017 Maple Wood Pass
Shelley,Gerbi,147-460-5759,sgerbib2@ucoz.com,229 Hoard Circle
Goldi,Edmundson,684-580-4193,gedmundsonb3@nydailynews.com,0 Cambridge Park
Foster,Slucock,445-209-8005,fslucockb4@addthis.com,33 Center Circle
Daryl,Kupper,855-889-5976,dkupperb5@rakuten.co.jp,302 Warner Court
Tandi,Levens,718-591-3016,tlevensb6@slideshare.net,17522 Prentice Park
Karalynn,Barnwell,270-114-8785,kbarnwellb7@baidu.com,0102 Steensland Place
Zarah,Shillaker,789-997-0204,zshillakerb8@usnews.com,5673 Logan Avenue
Derek,Golton,166-445-6776,dgoltonb9@vk.com,807 Pleasure Court
Esmaria,Ebbens,458-959-2063,eebbensba@answers.com,8 Trailsway Pass
Blondell,Gerlack,292-385-6931,bgerlackbb@topsy.com,7 Loeprich Circle
Curcio,Portman,583-763-5748,cportmanbc@elegantthemes.com,7 Petterle Point
Lucias,Lagadu,552-332-4165,llagadubd@baidu.com,0832 Kropf Pass
Helaina,Francescuccio,401-349-9564,hfrancescucciobe@yahoo.com,99466 Clyde Gallagher Drive
Dory,Stansby,317-915-9541,dstansbybf@jigsy.com,16 Northport Hill
Moshe,Hakey,264-158-5043,mhakeybg@npr.org,92 Dennis Plaza
Rodrick,Huriche,570-647-9733,rhurichebh@webs.com,80 Dryden Lane
Connie,Bingall,601-488-7326,cbingallbi@guardian.co.uk,5 Londonderry Point
Penrod,Oldershaw,865-461-9870,poldershawbj@themeforest.net,588 Vermont Place
Clari,Dietmar,603-861-1364,cdietmarbk@hud.gov,16 Mcbride Crossing
Meyer,Pendlenton,914-611-7391,mpendlentonbl@cyberchimps.com,839 Eagle Crest Place
Clarke,Carbonell,475-791-4108,ccarbonellbm@last.fm,210 Pleasure Road
Hurley,McAllen,484-932-8367,hmcallenbn@ustream.tv,4 8th Park
Rhoda,Alaway,363-921-5109,ralawaybo@usnews.com,33 Erie Place
Cordy,Cornuau,719-195-7531,ccornuaubp@huffingtonpost.com,63012 Johnson Street
Leslie,Papworth,775-317-5395,lpapworthbq@baidu.com,59490 Mendota Avenue
Cornie,Lidell,342-947-3425,clidellbr@yellowbook.com,94 Village Way
Sam,Hanford,111-946-7310,shanfordbs@privacy.gov.au,802 Rusk Plaza
Frankie,Attow,121-704-5162,fattowbt@issuu.com,5385 Forest Dale Point
Gerri,Merring,165-170-0491,gmerringbu@va.gov,623 Evergreen Street
Betteann,Cosgreave,417-737-3323,bcosgreavebv@forbes.com,46885 Russell Pass
Giorgia,Bloxsom,955-817-1694,gbloxsombw@imageshack.us,9059 Holy Cross Place
Morry,Domenico,966-148-0567,mdomenicobx@globo.com,2 Myrtle Center
Moira,Adamsky,214-104-1796,madamskyby@list-manage.com,76 Kropf Drive
Emmanuel,Hutchin,203-245-8187,ehutchinbz@mlb.com,9769 Susan Street
Dal,Ferdinand,621-309-0844,dferdinandc0@webs.com,7 Russell Terrace
Jarret,Windus,478-358-1558,jwindusc1@ibm.com,51 Sycamore Center
Sebastian,Fatharly,858-733-0405,sfatharlyc2@nationalgeographic.com,1 Novick Center
Alvinia,Salazar,788-632-1741,asalazarc3@google.co.uk,5 Graceland Crossing
Krystalle,Inge,907-886-6029,kingec4@bizjournals.com,23 Ruskin Junction
Reginald,Vauls,448-721-5549,rvaulsc5@eepurl.com,8340 Kensington Crossing
Ricoriki,Boneham,320-901-3308,rbonehamc6@istockphoto.com,99 Chinook Plaza
Jenilee,Francey,464-959-4804,jfranceyc7@aboutads.info,15 Oneill Parkway
Malissia,Betteridge,607-680-4439,mbetteridgec8@csmonitor.com,224 Graedel Circle
Gery,Gorelli,276-198-1595,ggorellic9@latimes.com,7 Pond Drive
Candice,Akroyd,298-587-0028,cakroydca@typepad.com,26689 Lien Pass
Corabella,Carrett,102-782-8928,ccarrettcb@dropbox.com,12 Toban Pass
Dani,Mazella,812-313-1103,dmazellacc@shop-pro.jp,03437 Springview Way
Scott,Buckler,223-850-7434,sbucklercd@google.it,85 Dakota Point
Darrick,Harrison,616-755-7264,dharrisonce@techcrunch.com,1 Old Shore Parkway
Althea,Legendre,269-622-0346,alegendrecf@utexas.edu,7 Lakewood Alley
Korry,Gilchriest,920-790-8807,kgilchriestcg@ebay.co.uk,7 Spenser Street
Anabelle,Moth,150-594-2188,amothch@usnews.com,3910 Shasta Street
Rorke,Phizackerly,844-524-4473,rphizackerlyci@sogou.com,152 Ruskin Alley
Tybie,Foystone,533-226-5576,tfoystonecj@ehow.com,8 Troy Place
Dall,Pilger,544-464-7799,dpilgerck@ibm.com,2538 Melody Park
Hanna,Abbis,998-214-7097,habbiscl@tinypic.com,41813 Eagle Crest Avenue
Keslie,Shergill,817-599-0482,kshergillcm@cargocollective.com,124 Longview Junction
Charlotte,Gotcliffe,313-220-7570,cgotcliffecn@yellowpages.com,486 Cody Lane
Porty,Flipek,665-977-2010,pflipekco@ucoz.com,8 Bay Street
Bette,Tarr,148-130-1578,btarrcp@creativecommons.org,16 Forest Dale Street
Drugi,Rapier,831-855-9475,drapiercq@blog.com,0672 Doe Crossing Way
Charleen,McBratney,262-596-1036,cmcbratneycr@yelp.com,077 Pond Park
Jozef,Kurten,363-909-0052,jkurtencs@fema.gov,1 Karstens Court
Maribel,Ohm,310-944-2448,mohmct@army.mil,65 East Alley
Leora,Meaden,495-350-3518,lmeadencu@hhs.gov,6 Brown Place
Vivie,Baskeyfied,348-919-4960,vbaskeyfiedcv@youku.com,13 Thierer Circle
Patience,Patridge,193-866-2405,ppatridgecw@nbcnews.com,50 Maywood Junction
Krissie,Sagar,959-122-3533,ksagarcx@arstechnica.com,64555 Sutteridge Way
Itch,Etherson,167-967-6927,iethersoncy@people.com.cn,191 6th Park
Ivy,Stolting,345-935-4849,istoltingcz@storify.com,62381 Kim Parkway
Halimeda,Rupprecht,388-159-6123,hrupprechtd0@discovery.com,37577 Bowman Hill
Jannel,Gerrell,524-204-0530,jgerrelld1@guardian.co.uk,824 Independence Trail
Maddy,Monard,331-247-2232,mmonardd2@bing.com,78895 Thompson Center
Paula,Cleeton,618-612-1659,pcleetond3@europa.eu,5165 Kennedy Street
Alf,Bradbrook,625-998-3377,abradbrookd4@mozilla.com,4 Moulton Plaza
Eberto,Edgworth,422-745-7254,eedgworthd5@skype.com,29 Southridge Parkway
Wynnie,Grimbleby,238-403-9791,wgrimblebyd6@techcrunch.com,717 Northview Center
Bobette,Crichley,777-320-8442,bcrichleyd7@census.gov,6073 Russell Plaza
Mattheus,Newbury,400-588-2028,mnewburyd8@wordpress.com,92012 Coolidge Place
Cass,Siaspinski,340-620-1374,csiaspinskid9@wiley.com,2115 Ronald Regan Street
Jannelle,Glaves,243-851-2150,jglavesda@squidoo.com,0531 Coleman Park
Gustavo,Raatz,442-517-1800,graatzdb@quantcast.com,00897 Kensington Point
Barnabe,Connick,873-961-9755,bconnickdc@java.com,59 East Street
Odette,Pavlasek,944-311-7499,opavlasekdd@google.fr,668 Melrose Park
Niki,Poles,308-742-8663,npolesde@google.de,22 Granby Point
Charles,Gallandre,615-114-1183,cgallandredf@cloudflare.com,7778 Rockefeller Court
Amalee,Dummett,895-388-8094,adummettdg@free.fr,025 Michigan Crossing
Bar,Chatteris,986-147-7807,bchatterisdh@mtv.com,1760 Annamark Drive
Trish,Berndtsson,227-873-2449,tberndtssondi@unicef.org,6218 Autumn Leaf Lane
Hinda,Schankel,240-442-9480,hschankeldj@weibo.com,7 Golf View Road
Staci,Fance,906-410-7551,sfancedk@friendfeed.com,880 Dovetail Way
Abran,Stockill,933-252-7698,astockilldl@linkedin.com,7 Rowland Drive
Lacy,Dafter,180-853-4965,ldafterdm@twitter.com,407 Maple Wood Point
Dukey,Marxsen,603-874-3799,dmarxsendn@comsenz.com,189 Pankratz Center
Leora,Sultana,416-240-7579,lsultanado@elegantthemes.com,7536 Hauk Way
Rebekah,Aleixo,982-869-9669,raleixodp@webmd.com,926 Elka Alley
Ralf,Guntrip,417-484-6284,rguntripdq@angelfire.com,6 Aberg Center
Leigha,Rolin,306-888-9897,lrolindr@cam.ac.uk,489 Granby Parkway
Perl,St Ange,505-600-8445,pstangeds@plala.or.jp,55 Melody Park
Debby,Jurn,247-717-2650,djurndt@admin.ch,14418 Ryan Drive
Kile,Rosebotham,395-828-4550,krosebothamdu@forbes.com,895 Mccormick Terrace
Jeanne,Gwynn,211-553-7778,jgwynndv@nih.gov,3 Hayes Court
Salomon,Ventura,794-613-6748,sventuradw@craigslist.org,658 Dorton Pass
Fran,Gravet,732-702-2234,fgravetdx@furl.net,0 Quincy Park
Lionello,Grummitt,278-944-2108,lgrummittdy@admin.ch,191 American Place
Anastassia,Ferrarello,601-803-6931,aferrarellodz@etsy.com,6060 Waxwing Terrace
Daphne,Campaigne,676-286-5556,dcampaignee0@nydailynews.com,24 Londonderry Avenue
Maximilianus,Jeness,867-830-7737,mjenesse1@quantcast.com,0589 Eliot Circle
Ly,Hembrow,470-784-1485,lhembrowe2@miitbeian.gov.cn,178 Randy Way
Guillemette,Jackalin,106-259-2450,gjackaline3@jiathis.com,9 Fieldstone Hill
Rich,Crowley,700-848-4343,rcrowleye4@state.tx.us,9 Randy Street
Tami,Aiton,687-479-5909,taitone5@example.com,3120 Delladonna Circle
Therese,Worsnop,883-520-3752,tworsnope6@sfgate.com,17 Cherokee Road
Sven,Ansley,370-986-5123,sansleye7@wix.com,713 Utah Terrace
Nita,Danhel,104-802-3702,ndanhele8@wikimedia.org,1 8th Crossing
Cherise,Stuke,840-744-2195,cstukee9@illinois.edu,76 Moose Way
Filippa,Dumpleton,931-125-5913,fdumpletonea@washingtonpost.com,88 Daystar Hill
Leese,Mannin,809-572-9985,lmannineb@economist.com,25646 Aberg Plaza
Saxon,Kimbly,574-754-2754,skimblyec@latimes.com,37686 Farmco Street
Karlee,MacGregor,555-788-2312,kmacgregored@usgs.gov,0 Dovetail Drive
Tisha,Gowen,854-115-5799,tgowenee@apple.com,054 Swallow Crossing
Lynett,Lewzey,609-735-2943,llewzeyef@disqus.com,27351 Laurel Avenue
Feliks,Cowins,241-503-3530,fcowinseg@example.com,89 Hanover Plaza
Karel,Vardey,972-413-0847,kvardeyeh@dailymail.co.uk,33746 Cambridge Road
Daisi,Clohissy,282-938-6847,dclohissyei@springer.com,92106 Becker Avenue
Marne,Durand,451-873-8448,mdurandej@hp.com,958 School Park
Adella,Hallgalley,111-827-4535,ahallgalleyek@mashable.com,28829 Bartillon Alley
Bianca,Blackleech,314-267-0429,bblackleechel@unesco.org,4 Barby Junction
Derrik,Mathely,618-290-4301,dmathelyem@toplist.cz,594 Canary Pass
Albina,Basilone,542-914-2396,abasiloneen@utexas.edu,168 Ridge Oak Circle
Celina,Fricker,920-633-4035,cfrickereo@forbes.com,8 Maple Way
Kienan,Kalisch,885-588-3923,kkalischep@360.cn,543 Northland Plaza
Meriel,Orgen,666-187-0225,morgeneq@usnews.com,438 Kinsman Pass
Maritsa,Wethey,444-105-2614,mwetheyer@shutterfly.com,9 Macpherson Plaza
Sharla,Farmer,574-916-8046,sfarmeres@over-blog.com,41544 Armistice Court
Wendy,Pursehouse,119-706-4918,wpursehouseet@pinterest.com,4 Crest Line Court
Juan,Gaunt,166-858-6616,jgaunteu@arstechnica.com,218 Graedel Pass
Gage,Hedgeman,847-262-2427,ghedgemanev@techcrunch.com,6268 Dawn Center
Gayelord,Sainsbury,817-329-9887,gsainsburyew@clickbank.net,8 Debs Avenue
Tillie,Kubin,256-993-8575,tkubinex@storify.com,579 Dovetail Street
Issy,Drees,210-306-7011,idreesey@creativecommons.org,2286 Bayside Avenue
Lulita,Stainfield,906-662-7483,lstainfieldez@cmu.edu,87 Mesta Pass
Concettina,de Amaya,263-584-2241,cdeamayaf0@java.com,41513 Karstens Hill
Gilberto,Westall,641-553-2204,gwestallf1@mozilla.org,5931 Hollow Ridge Road
Kellen,Lindstrom,876-596-2469,klindstromf2@jiathis.com,342 Corry Drive
Alexei,Corbould,323-741-1316,acorbouldf3@accuweather.com,1609 Grasskamp Court
Marcello,Double,225-273-0988,mdoublef4@topsy.com,49229 Cardinal Pass
Barton,Bodega,437-917-7190,bbodegaf5@cyberchimps.com,397 Hollow Ridge Lane
Theresita,Scholer,203-666-2418,tscholerf6@hatena.ne.jp,3 Lake View Crossing
Ogdan,Lamperd,653-574-9178,olamperdf7@paypal.com,75961 Aberg Point
Brett,Dennison,413-882-6173,bdennisonf8@gmpg.org,7211 Lakewood Court
Masha,Dimitru,902-772-1631,mdimitruf9@delicious.com,3079 Macpherson Point
Eddi,Kittoe,860-668-2620,ekittoefa@phpbb.com,14 Morrow Crossing
Mandel,Saller,887-297-7693,msallerfb@g.co,3350 Starling Hill
Yehudi,Texton,541-890-5209,ytextonfc@csmonitor.com,1 Tennyson Alley
Ailyn,Jiggins,959-989-9947,ajigginsfd@trellian.com,2852 Thompson Trail
Pat,Mattiassi,938-569-3232,pmattiassife@nhs.uk,418 Chinook Center
Kala,Gloyens,406-988-9270,kgloyensff@pen.io,3717 Vahlen Street
Sybille,Gammet,191-427-2848,sgammetfg@apple.com,9 Lyons Road
Sunny,Goodhew,162-745-1166,sgoodhewfh@wufoo.com,47 Mandrake Hill
Pete,Jaggs,897-525-4795,pjaggsfi@accuweather.com,5962 Homewood Center
Rosemaria,Sappell,744-329-3827,rsappellfj@blogspot.com,45420 Fuller Avenue
Hebert,O'Moylan,618-345-7647,homoylanfk@state.gov,60 Green Ridge Court
Adel,Matic,492-873-5296,amaticfl@taobao.com,4 Jana Circle
Rheta,Reyna,285-301-1040,rreynafm@deviantart.com,9 Drewry Pass
Duke,Killingbeck,157-158-1302,dkillingbeckfn@goo.ne.jp,93940 Autumn Leaf Street
Ivie,Skottle,725-866-7276,iskottlefo@dropbox.com,794 Saint Paul Alley
Zita,Derricoat,812-393-5481,zderricoatfp@upenn.edu,514 Lillian Point
Emogene,McIllroy,828-410-3274,emcillroyfq@washington.edu,7 Morning Pass
Garrik,Deinert,254-807-9133,gdeinertfr@soundcloud.com,746 School Trail
Leodora,Murrthum,539-648-4947,lmurrthumfs@un.org,56 Orin Drive
Blanca,Pickwell,509-356-1645,bpickwellft@biglobe.ne.jp,25504 Monterey Lane
Tyne,Georgescu,943-531-5176,tgeorgescufu@unc.edu,03 Veith Center
Putnem,MacMenamin,336-954-7128,pmacmenaminfv@g.co,0851 Corben Plaza
Aliza,Partington,317-423-6463,apartingtonfw@issuu.com,69 Stone Corner Circle
Maxim,Garford,719-438-4943,mgarfordfx@marriott.com,06 Truax Drive
Berthe,Okill,257-784-4668,bokillfy@bloglines.com,9 Clemons Parkway
Faydra,Darnborough,170-397-3373,fdarnboroughfz@t-online.de,14 Maple Street
Melba,Gwalter,669-225-3433,mgwalterg0@a8.net,75688 Spenser Center
Elaina,McGray,654-390-7978,emcgrayg1@craigslist.org,09862 Sugar Avenue
Anna-maria,Langton,324-543-5427,alangtong2@paypal.com,39207 Butterfield Lane
Joelly,Openshaw,442-323-1649,jopenshawg3@soundcloud.com,647 Boyd Avenue
Rubia,Roderham,508-686-7104,rroderhamg4@posterous.com,81 Northport Court
Jake,Tomkowicz,971-866-8296,jtomkowiczg5@hao123.com,72127 Farragut Point
Bell,Have,469-394-6772,bhaveg6@imgur.com,849 Karstens Road
Lalo,Milham,717-520-5394,lmilhamg7@1688.com,21035 Orin Center
Coriss,Matas,998-656-3668,cmatasg8@4shared.com,05890 Golden Leaf Point
Mathe,Lafranconi,895-464-2843,mlafranconig9@cyberchimps.com,64 Ruskin Point
Consuelo,Haythorne,169-766-2911,chaythornega@merriam-webster.com,924 Texas Alley
Ina,Widger,427-571-2779,iwidgergb@plala.or.jp,238 Kropf Avenue
Cecily,Pitblado,605-605-1158,cpitbladogc@is.gd,7911 Gerald Point
Grace,Goldsby,970-246-6177,ggoldsbygd@netlog.com,89066 Southridge Way
Randi,Lowen,225-864-9933,rlowenge@dmoz.org,89070 Farragut Street
Padraic,McGillivray,414-949-4488,pmcgillivraygf@mac.com,7699 Golden Leaf Pass
Moore,Kauble,780-698-3400,mkaublegg@mozilla.com,5531 Glacier Hill Circle
Norry,Malby,132-552-0254,nmalbygh@flickr.com,81349 Katie Place
Suzy,Strelitzki,829-111-0326,sstrelitzkigi@photobucket.com,60738 Alpine Point
Del,Rennock,713-169-2176,drennockgj@pen.io,602 Gale Road
Andria,Crimp,990-555-1430,acrimpgk@furl.net,4428 Clove Street
Joela,Keningham,911-498-2466,jkeninghamgl@jalbum.net,5701 Coleman Court
Kleon,Carnegie,431-655-3643,kcarnegiegm@ocn.ne.jp,3 Mitchell Avenue
Jerrome,Ekins,204-562-7657,jekinsgn@discuz.net,3 8th Point
Sib,Flynn,122-694-0861,sflynngo@canalblog.com,45396 Merry Road
Brion,Titchener,208-424-7172,btitchenergp@google.fr,9036 Old Shore Point
Demetris,Chavey,468-525-5968,dchaveygq@comcast.net,6564 South Parkway
Spense,Winsper,397-125-5706,swinspergr@princeton.edu,0 Dexter Center
Dionne,Philbin,825-832-4465,dphilbings@dailymotion.com,3882 Meadow Valley Way
Archambault,Probbin,846-167-2632,aprobbingt@uiuc.edu,97 Kim Hill
Jill,MacElroy,156-192-6154,jmacelroygu@ning.com,185 Steensland Plaza
Diego,Marlor,273-174-0078,dmarlorgv@webmd.com,2 Summerview Drive
Janis,Yelding,253-106-7914,jyeldinggw@netvibes.com,5 Brentwood Circle
Josefina,Alberts,387-179-1587,jalbertsgx@diigo.com,3 Redwing Court
Bryant,Swoffer,330-125-9565,bswoffergy@1688.com,795 Coolidge Avenue
Kamila,Lacasa,465-139-1072,klacasagz@canalblog.com,329 West Point
Flory,Bowery,604-743-8362,fboweryh0@nasa.gov,615 Nelson Place
Rici,Borer,715-275-0234,rborerh1@ucsd.edu,7 Melby Hill
Arlyn,Seddon,169-261-2943,aseddonh2@examiner.com,59674 Debs Hill
Joannes,Fley,251-878-6104,jfleyh3@elegantthemes.com,18107 Blackbird Pass
Rodney,Janman,692-432-5773,rjanmanh4@virginia.edu,0 Alpine Parkway
Arther,Dorkins,269-151-6936,adorkinsh5@rediff.com,3 Crest Line Way
Moises,Jouanny,602-180-4301,mjouannyh6@google.com.au,50 Artisan Parkway
Patsy,MacAlaster,910-650-9640,pmacalasterh7@rakuten.co.jp,4990 Prairieview Place
Nari,Lugton,916-669-3453,nlugtonh8@baidu.com,052 Ilene Street
Joni,Mehew,909-632-3295,jmehewh9@histats.com,8 Buena Vista Circle
Ciro,Minnock,277-695-4531,cminnockha@imdb.com,98 Forster Crossing
Jephthah,Ord,580-669-5940,jordhb@census.gov,431 5th Drive
Clevie,Leteurtre,441-815-2226,cleteurtrehc@hibu.com,338 Morrow Way
Torey,Brownill,862-868-4620,tbrownillhd@apple.com,6738 Express Place
Faith,Dudman,737-617-2194,fdudmanhe@twitpic.com,14383 Namekagon Terrace
Vanny,Dancer,886-961-7635,vdancerhf@delicious.com,387 Messerschmidt Alley
Guthrie,Lydster,392-317-2413,glydsterhg@liveinternet.ru,36 Donald Road
Sabra,Redley,966-277-1498,sredleyhh@indiegogo.com,40 Mallory Drive
Isabelle,Cudiff,242-361-9484,icudiffhi@mapquest.com,928 Bay Point
Sisely,Vater,461-226-8594,svaterhj@census.gov,382 Scofield Drive
Frayda,Gilliat,163-593-2213,fgilliathk@wp.com,7 Esker Alley
Koressa,McTurk,894-895-2537,kmcturkhl@adobe.com,875 New Castle Way
Modestine,Compson,490-604-4231,mcompsonhm@google.nl,284 Hoard Court
Berky,Ramsay,828-399-9224,bramsayhn@tiny.cc,73 Kropf Place
Nicol,Sweetzer,736-244-1965,nsweetzerho@nationalgeographic.com,3665 Morningstar Point
Irma,Larwell,284-467-7497,ilarwellhp@freewebs.com,07956 Roxbury Terrace
Kyrstin,Grainge,137-202-0201,kgraingehq@marketwatch.com,136 Lakeland Center
Alphonso,Alexsandrowicz,239-736-3455,aalexsandrowiczhr@soup.io,68 Lyons Crossing
Davine,Huddles,420-181-1260,dhuddleshs@goodreads.com,9990 Declaration Park
Edgardo,Wurz,596-361-0554,ewurzht@usa.gov,0996 Mendota Circle
Michelle,Camble,940-759-7427,mcamblehu@huffingtonpost.com,2 Shoshone Street
Alisha,Stubbes,737-137-3857,astubbeshv@de.vu,80 Village Trail
Ruddy,Broadstock,678-724-3306,rbroadstockhw@51.la,68 Kennedy Park
Hodge,Quipp,817-330-6737,hquipphx@toplist.cz,1 Sullivan Street
Cosimo,Romer,823-810-2195,cromerhy@latimes.com,74 Sherman Park
Gael,Yardley,636-203-0761,gyardleyhz@mit.edu,114 Comanche Point
Stefan,Ilyushkin,488-882-2464,silyushkini0@sphinn.com,64100 Stang Center
Tabina,Allington,955-760-0893,tallingtoni1@gizmodo.com,72 Norway Maple Junction
Harmony,Calcraft,932-946-9587,hcalcrafti2@statcounter.com,375 La Follette Circle
Guthry,Linneman,612-259-0835,glinnemani3@technorati.com,15218 Norway Maple Parkway
Fayina,Ketcher,845-582-7276,fketcheri4@vimeo.com,2510 Ridgeview Junction
Katerina,Ioannidis,318-852-0017,kioannidisi5@goodreads.com,247 Elka Junction
Trudey,Caig,636-633-7479,tcaigi6@mapy.cz,5 Aberg Trail
Chrystal,Ive,130-532-0360,civei7@digg.com,67921 Beilfuss Court
Adora,Stanier,648-765-7518,astanieri8@mtv.com,6 Arapahoe Park
Sanderson,Gehrts,933-550-3033,sgehrtsi9@illinois.edu,6379 Namekagon Crossing
Cecily,Challenor,683-884-7617,cchallenoria@cloudflare.com,9160 Harper Plaza
Carleton,Olfert,455-829-1121,colfertib@de.vu,676 Clove Way
Adelice,Aldhouse,275-598-9070,aaldhouseic@irs.gov,56 Maywood Street
Corilla,Mountstephen,674-853-8598,cmountstephenid@pagesperso-orange.fr,388 Carpenter Road
Ritchie,Eginton,424-258-2524,regintonie@t.co,4232 Arapahoe Road
Garnet,Berns,237-748-3562,gbernsif@nps.gov,6 Arrowood Terrace
Sylvan,Dwelley,495-661-2273,sdwelleyig@mayoclinic.com,0239 Glendale Street
Heddi,Eadmead,134-814-9627,headmeadih@bravesites.com,7393 Commercial Place
Loraine,Robken,878-298-2527,lrobkenii@webmd.com,049 Pearson Drive
Wilmer,Bulman,625-346-0317,wbulmanij@xing.com,2 Birchwood Alley
Ravi,Turneux,935-480-1330,rturneuxik@omniture.com,81891 Hoard Alley
Nerta,Goodliff,431-929-6824,ngoodliffil@google.com.br,324 Haas Circle
Willabella,Rollinshaw,384-307-0284,wrollinshawim@last.fm,34638 Bay Way
Fidelia,Erie,831-455-0375,feriein@census.gov,57 Roth Crossing
Floria,Palle,205-309-7687,fpalleio@indiatimes.com,3 Little Fleur Pass
Bryana,Jimmes,666-631-6368,bjimmesip@usatoday.com,3 Katie Street
Leland,Moogan,603-247-3827,lmooganiq@moonfruit.com,884 Heath Plaza
Cathrine,Heyfield,849-824-3916,cheyfieldir@prlog.org,26 Schlimgen Road
Anderea,Spenclay,518-316-0666,aspenclayis@ox.ac.uk,4738 Talisman Street
Kimball,Marrison,590-598-0241,kmarrisonit@devhub.com,6248 Butternut Crossing
Ade,Squirrell,485-941-4646,asquirrelliu@tumblr.com,7021 Norway Maple Pass
Chet,Murley,795-337-8181,cmurleyiv@webs.com,86276 Roxbury Hill
Glennie,Fauning,443-611-6997,gfauningiw@imageshack.us,3612 Fordem Center
Cissiee,Enrigo,842-708-4328,cenrigoix@dagondesign.com,92377 La Follette Avenue
Mab,Roby,695-142-7660,mrobyiy@drupal.org,19812 Karstens Plaza
Adela,Trippack,413-689-2269,atrippackiz@ifeng.com,0411 Hoepker Terrace
Silva,Godehard.sf,731-799-5661,sgodehardsfj0@latimes.com,31072 Butternut Plaza
Ettore,Watters,477-584-6871,ewattersj1@opera.com,965 Kings Road
Martyn,Willbourne,209-945-3476,mwillbournej2@telegraph.co.uk,14 Meadow Ridge Hill
Ardine,Gitthouse,441-237-9460,agitthousej3@wp.com,75370 Iowa Crossing
Bradney,Bisco,988-621-4226,bbiscoj4@skyrock.com,830 Monica Street
Gretal,Poynter,954-532-1250,gpoynterj5@gizmodo.com,7 Michigan Way
Malva,Dymond,194-354-8599,mdymondj6@freewebs.com,51372 Westend Street
Casie,Conklin,903-827-0877,cconklinj7@sfgate.com,5177 Mifflin Point
Caroljean,Ghidotti,409-204-3303,cghidottij8@weebly.com,8 Trailsway Lane
Carey,Atwell,857-743-1098,catwellj9@studiopress.com,31426 Monica Parkway
Conroy,Gorick,882-858-9019,cgorickja@freewebs.com,89 Fallview Road
Pieter,Kryzhov,943-192-9310,pkryzhovjb@vimeo.com,8914 Dorton Plaza
Melisent,Roycroft,232-464-1550,mroycroftjc@storify.com,76 Sunbrook Drive
Venita,Mellhuish,228-738-3531,vmellhuishjd@wunderground.com,96 Charing Cross Circle
Lorri,Girhard,451-172-7180,lgirhardje@salon.com,3475 Grasskamp Drive
Matilda,Munt,587-984-5963,mmuntjf@youku.com,298 David Junction
Gnni,MacAllan,365-476-7121,gmacallanjg@zimbio.com,18 Rutledge Way
Ariel,Coke,157-655-5905,acokejh@amazon.co.jp,10 Cascade Trail
Katrine,Barrett,634-718-1890,kbarrettji@reference.com,5 Talmadge Point
Brittne,Frazier,748-746-6309,bfrazierjj@ycombinator.com,1 Loomis Road
Meggy,Caldero,448-596-0980,mcalderojk@cargocollective.com,9 Hintze Alley
Annabela,Tall,126-895-4990,atalljl@nhs.uk,9666 Logan Place
Lexie,Meni,650-118-5358,lmenijm@craigslist.org,19509 Westend Way
Cordey,Amott,780-514-2191,camottjn@go.com,4 Reinke Hill
Annamaria,Symons,165-747-2772,asymonsjo@blog.com,923 Sachs Alley
Yankee,Di Biagi,464-850-7904,ydibiagijp@infoseek.co.jp,186 Buena Vista Parkway
Bianca,Larchier,787-323-6611,blarchierjq@cam.ac.uk,26 Brentwood Way
Veradis,Bitten,915-847-8143,vbittenjr@vistaprint.com,45 Sugar Point
Eleen,Haberjam,150-233-4515,ehaberjamjs@google.com,388 Kinsman Pass
Hildegaard,Garett,128-218-6268,hgarettjt@ucsd.edu,5 Evergreen Pass
Mahmoud,Vanderplas,476-853-7799,mvanderplasju@businessweek.com,8648 John Wall Drive
Isak,Savil,309-205-6082,isaviljv@1und1.de,99134 Clove Avenue
Lulita,Cecely,587-532-4512,lcecelyjw@photobucket.com,1 Trailsway Terrace
Sydney,Duell,384-334-6469,sduelljx@howstuffworks.com,7 Oak Avenue
Brittne,Moores,576-787-8251,bmooresjy@newsvine.com,780 Stone Corner Crossing
Xenos,Keenor,707-152-0359,xkeenorjz@hubpages.com,62 Garrison Plaza
Madalena,O'Dyvoie,297-740-6344,modyvoiek0@ehow.com,45 Merrick Parkway
Rockey,Featherbie,874-377-3813,rfeatherbiek1@storify.com,5 Green Junction
Margalo,Gater,865-818-3687,mgaterk2@reference.com,33533 Dovetail Junction
Gar,Raubheim,657-974-2370,graubheimk3@google.com,674 Heffernan Lane
Ramonda,Hatherall,977-597-9304,rhatherallk4@nyu.edu,265 Leroy Court
Tully,Vasilenko,583-924-2976,tvasilenkok5@samsung.com,9509 Clemons Place
Johann,Curnick,542-278-0051,jcurnickk6@quantcast.com,5788 Coolidge Plaza
Lib,Dufty,657-112-3600,lduftyk7@icio.us,0800 Doe Crossing Point
Grenville,Pablos,410-361-7756,gpablosk8@plala.or.jp,9 Karstens Street
Phoebe,Naisbet,769-415-7960,pnaisbetk9@nasa.gov,4361 Upham Park
Clotilda,Harriday,855-258-2100,charridayka@illinois.edu,7 Loeprich Place
Crysta,Troillet,834-499-1446,ctroilletkb@twitpic.com,1 Armistice Point
Herculie,Wilber,993-639-3347,hwilberkc@so-net.ne.jp,512 Fair Oaks Parkway
Olin,Marcum,455-704-6064,omarcumkd@nymag.com,47 Buhler Crossing
Jade,Collocott,637-764-5245,jcollocottke@time.com,59602 Dixon Crossing
Esme,Dwerryhouse,832-699-1859,edwerryhousekf@homestead.com,8 Declaration Way
Hewet,Shelford,123-554-3755,hshelfordkg@macromedia.com,81846 Bashford Alley
Auria,Amott,507-924-1717,aamottkh@exblog.jp,9 Tennyson Point
Nathan,Guys,629-143-8885,nguyski@bloglovin.com,6 Park Meadow Circle
Minne,Bennison,192-759-5702,mbennisonkj@time.com,7456 Express Trail
Thomasine,Sneaker,596-813-9192,tsneakerkk@tumblr.com,12 Nevada Place
Elroy,Cabena,960-654-2444,ecabenakl@paypal.com,17 Mariners Cove Hill
Sigvard,Spurier,319-667-9342,sspurierkm@trellian.com,19 Surrey Pass
Milt,Sandeman,416-842-5166,msandemankn@who.int,99414 Northport Circle
Maurizio,Pim,589-652-7841,mpimko@fc2.com,2 Cambridge Avenue
Travus,Janicek,744-138-6591,tjanicekkp@issuu.com,1 Mosinee Lane
Madlen,Heppenspall,172-707-0524,mheppenspallkq@liveinternet.ru,1 Sutteridge Place
Dwayne,Rennie,790-538-2556,drenniekr@histats.com,06 Grim Crossing
Ray,Asquez,403-709-4596,rasquezks@techcrunch.com,38 Buell Crossing
Bradley,Hallewell,147-692-2151,bhallewellkt@va.gov,0272 Holy Cross Circle
Joey,Dinan,281-688-9739,jdinanku@sina.com.cn,001 Morrow Pass
Marius,Moakes,819-693-9641,mmoakeskv@merriam-webster.com,01608 Calypso Street
Cornell,Tomblings,928-679-1133,ctomblingskw@ucla.edu,20035 Warner Place
Farris,Kevis,780-411-4854,fkeviskx@altervista.org,98646 Scoville Point
Mattie,Micheau,690-204-4199,mmicheauky@squidoo.com,1 American Ash Avenue
Irita,Larret,725-729-6993,ilarretkz@joomla.org,96696 Ludington Court
Erena,Simms,509-834-2626,esimmsl0@yahoo.co.jp,62 Oak Valley Junction
Swen,Prichard,951-864-9425,sprichardl1@indiegogo.com,21 Rusk Trail
Ted,Pitkins,251-800-9963,tpitkinsl2@wiley.com,97784 Hoffman Trail
Banky,Labb,959-421-2619,blabbl3@vinaora.com,9175 Mifflin Drive
Arlette,Coogan,226-571-7966,acooganl4@arstechnica.com,0 Hooker Terrace
Dex,Pezey,212-543-8877,dpezeyl5@imgur.com,83087 Mandrake Junction
Lombard,Bernocchi,208-427-7338,lbernocchil6@oakley.com,5 Bunker Hill Point
Dannye,Cornner,526-787-1942,dcornnerl7@hao123.com,21 Orin Plaza
Isidore,Melbourne,992-242-3503,imelbournel8@scientificamerican.com,85720 Fieldstone Circle
Siffre,Du Barry,663-620-3719,sdubarryl9@flavors.me,7497 Jenifer Lane
Natassia,Shirlaw,398-926-0301,nshirlawla@yelp.com,8 Moose Parkway
Niki,Gyer,781-207-2972,ngyerlb@hc360.com,504 Truax Parkway
Welch,Swannick,316-639-4053,wswannicklc@jiathis.com,98109 Troy Terrace
Vance,Jedrychowski,155-368-1709,vjedrychowskild@princeton.edu,03716 Claremont Way
Wilfrid,Stockey,435-454-0565,wstockeyle@tumblr.com,1 Chinook Terrace
Penni,Hugk,265-967-0126,phugklf@sohu.com,225 Packers Plaza
Sonnie,Sleeny,726-745-5827,ssleenylg@youtu.be,07754 Westport Way
Jehu,Mabone,986-946-4991,jmabonelh@unicef.org,35 Memorial Street
Adora,Waszczykowski,470-952-3463,awaszczykowskili@mozilla.com,0545 Dexter Court
Elenore,MacCombe,573-284-4450,emaccombelj@shutterfly.com,6 Upham Hill
Gene,Oakland,609-800-2033,goaklandlk@dot.gov,994 Main Lane
Carly,Gregoire,848-238-9187,cgregoirell@umich.edu,936 Saint Paul Place
Dotti,Henri,168-611-2200,dhenrilm@foxnews.com,46626 Carioca Road
Cecil,Bickle,142-391-2850,cbickleln@amazonaws.com,1 Goodland Junction
Killy,Grodden,867-935-1186,kgroddenlo@dropbox.com,0 Badeau Road
Filbert,Fenners,803-889-8884,ffennerslp@about.me,29 Briar Crest Drive
Drugi,Yitzhok,102-699-3512,dyitzhoklq@unesco.org,9920 Roth Plaza
Burg,Bette,575-369-5399,bbettelr@yellowbook.com,2 Hauk Way
Auroora,Kyston,534-502-4827,akystonls@paypal.com,3 Heath Lane
Glennie,Slorach,402-286-4603,gslorachlt@infoseek.co.jp,69856 Maple Junction
Lolita,Diver,748-534-0711,ldiverlu@ameblo.jp,2 Hansons Center
Olympie,Longthorne,519-201-1344,olongthornelv@wunderground.com,007 Packers Terrace
Grant,Huttley,704-762-7727,ghuttleylw@merriam-webster.com,8 Mcguire Place
Tait,Duffree,524-435-1582,tduffreelx@shareasale.com,5915 Independence Pass
Farly,Bruna,785-395-7435,fbrunaly@narod.ru,898 Moose Court
Jacqui,Hanselmann,271-100-4980,jhanselmannlz@indiegogo.com,31072 Monica Avenue
Silvester,Dwelley,783-795-1077,sdwelleym0@noaa.gov,01 Commercial Alley
Constantina,MacDowall,506-909-9803,cmacdowallm1@mysql.com,39289 Warrior Alley
Etta,Skaid,903-130-8383,eskaidm2@friendfeed.com,29 Rowland Trail
Thalia,Elmar,947-903-2351,telmarm3@dedecms.com,04364 Mallard Road
Nigel,Quinsee,290-479-1143,nquinseem4@liveinternet.ru,27718 Gale Way
Temple,Beininck,284-758-6463,tbeininckm5@unblog.fr,19 Dahle Crossing
Urbanus,Byne,631-343-8599,ubynem6@cbslocal.com,25 Crest Line Court
Andrey,Addams,590-204-7492,aaddamsm7@techcrunch.com,9265 Southridge Hill
Durant,Stickley,366-463-3796,dstickleym8@boston.com,519 Talmadge Pass
Beitris,Grevile,467-238-6572,bgrevilem9@yelp.com,46 Johnson Place
Haily,Dat,412-766-3853,hdatma@ftc.gov,233 Independence Center
Melany,Ramsey,530-109-7989,mramseymb@jimdo.com,36123 Hanson Avenue
Malanie,Raynham,301-322-3003,mraynhammc@indiatimes.com,65 Ridgeway Park
Dayna,Geillier,737-220-6062,dgeilliermd@dropbox.com,32 Lakeland Pass
Norbert,Hollyland,407-476-4977,nhollylandme@senate.gov,6187 Northview Hill
Terrell,Macey,711-227-4729,tmaceymf@army.mil,798 Gulseth Lane
Darnall,Raddan,514-181-9178,draddanmg@oracle.com,16 Helena Crossing
Mitch,Tollemache,578-347-8741,mtollemachemh@ezinearticles.com,474 Mitchell Avenue
Ivar,Beggs,700-934-9867,ibeggsmi@artisteer.com,9 Orin Plaza
Yank,Birdwistle,867-593-8809,ybirdwistlemj@fema.gov,14 Cherokee Center
Dexter,Graybeal,713-974-4738,dgraybealmk@prweb.com,58398 Dawn Plaza
Wye,Perett,534-124-1368,wperettml@liveinternet.ru,0 Cottonwood Lane
Gardie,Antonioni,635-364-6494,gantonionimm@imdb.com,44987 Rowland Avenue
Dane,Defries,400-900-0405,ddefriesmn@blogspot.com,4 Golden Leaf Parkway
Renelle,Backes,626-318-5494,rbackesmo@tripadvisor.com,16 Wayridge Hill
Sergeant,Endersby,358-763-4317,sendersbymp@loc.gov,20036 Declaration Court
Kissee,Edmeades,720-158-9561,kedmeadesmq@cpanel.net,5 Hagan Terrace
Lynnet,Shelper,864-327-0569,lshelpermr@washingtonpost.com,41 Carioca Street
Tiphanie,Hedon,857-434-3976,thedonms@guardian.co.uk,12383 Mcguire Place
Virgina,Fee,505-492-3033,vfeemt@amazon.co.uk,43 Granby Trail
Clarance,Bargery,316-136-1456,cbargerymu@opera.com,128 Swallow Street
Darell,Fairhead,562-370-7517,dfairheadmv@ebay.com,7 American Trail
Maribeth,Rickasse,323-206-4952,mrickassemw@woothemes.com,2 Sloan Lane
Natasha,Roden,830-385-9952,nrodenmx@nasa.gov,5256 Bluejay Crossing
Goldina,Barthelmes,621-673-7587,gbarthelmesmy@rambler.ru,65237 Sutteridge Road
Lowrance,Fidock,420-511-8292,lfidockmz@devhub.com,4225 Vera Drive
Lynett,FitzAlan,852-186-0927,lfitzalann0@phpbb.com,0734 Beilfuss Alley
Allyn,Popelay,758-318-5517,apopelayn1@squidoo.com,09 Schlimgen Pass
Haily,Chretien,942-702-6237,hchretienn2@businessweek.com,2 Petterle Pass
Dagmar,Melville,702-801-4380,dmelvillen3@thetimes.co.uk,04 Washington Court
Arabela,Meldrum,151-903-8179,ameldrumn4@tripadvisor.com,8567 Debs Trail
Ravid,Hannon,576-424-6883,rhannonn5@goo.ne.jp,42 Vahlen Lane
Collie,Yvon,104-349-7496,cyvonn6@slashdot.org,73633 Hanson Drive
Orlan,De Ruggiero,428-246-9077,oderuggieron7@amazonaws.com,76265 Burning Wood Hill
Mable,Longmuir,591-735-4322,mlongmuirn8@wikia.com,00629 Leroy Road
Thornton,Oulett,161-775-4731,toulettn9@is.gd,901 Quincy Place
Pauline,Doubleday,594-615-8112,pdoubledayna@scribd.com,77713 Maple Wood Hill
Dion,Dolder,974-128-1659,ddoldernb@addthis.com,113 Dennis Center
Mathias,Eary,754-857-0754,mearync@hexun.com,25 Browning Place
Tina,Worvill,235-838-1435,tworvillnd@dot.gov,19 Express Street
Tersina,Lingwood,374-397-8791,tlingwoodne@cam.ac.uk,13 Hanson Pass
Brod,Mattioli,847-323-2607,bmattiolinf@purevolume.com,58750 Meadow Ridge Point
Wade,Arkil,214-752-4981,warkilng@weebly.com,80 Elgar Avenue
Launce,Triner,894-245-0691,ltrinernh@apache.org,9 Bonner Street
Patrizia,Very,987-637-3176,pveryni@godaddy.com,5446 Barnett Pass
Giordano,Ghelerdini,782-981-8883,gghelerdininj@go.com,3387 Forest Dale Street
Mehetabel,Bulstrode,354-179-0354,mbulstrodenk@shinystat.com,72542 Esch Point
Powell,Lewinton,204-111-1262,plewintonnl@google.nl,59 Kipling Parkway
Carmon,Cormack,690-359-4299,ccormacknm@diigo.com,0736 Carioca Street
Heath,McIlwraith,970-933-0708,hmcilwraithnn@smh.com.au,03602 Arkansas Street
Harriette,Ussher,474-696-5041,hussherno@yandex.ru,476 Dapin Drive
Sylvester,Boniface,158-569-9061,sbonifacenp@tiny.cc,5 Randy Point
Saul,Sivess,895-290-2023,ssivessnq@storify.com,92 Clarendon Street
Elicia,Bruni,521-334-7204,ebruninr@shop-pro.jp,08427 Independence Circle
Nanon,Hyett,279-401-6556,nhyettns@sbwire.com,471 Kensington Street
Avictor,Petzold,599-608-0773,apetzoldnt@godaddy.com,6391 Almo Pass
Kayla,Castana,105-501-1630,kcastananu@fastcompany.com,71773 Corscot Pass
Allie,Castanone,968-639-5444,acastanonenv@narod.ru,26 Prairieview Circle
Karolina,Bogaert,700-488-6497,kbogaertnw@nhs.uk,866 Holy Cross Crossing
Emalia,Sykes,414-967-9200,esykesnx@behance.net,0796 Hayes Circle
Marsha,Churchard,587-321-4519,mchurchardny@yolasite.com,61 Green Ridge Road
Carley,Worsnop,492-269-4897,cworsnopnz@mlb.com,92900 Vermont Crossing
Isiahi,Ox,823-808-1034,ioxo0@g.co,2 Leroy Avenue
Phelia,Quennell,832-573-5585,pquennello1@wired.com,0289 Russell Circle
Clarance,Dobney,413-104-1813,cdobneyo2@wikia.com,3064 Center Road
Sandro,Wallbutton,486-611-2234,swallbuttono3@printfriendly.com,34836 Claremont Parkway
Willi,Berthelet,634-713-6561,wbertheleto4@bigcartel.com,40185 Redwing Place
Modesta,Ferreo,124-393-7614,mferreoo5@nature.com,1 Delaware Crossing
Cymbre,Delacroix,324-732-0706,cdelacroixo6@auda.org.au,54 Roth Plaza
Leda,Hanway,793-670-9424,lhanwayo7@booking.com,5 Kenwood Center
Chryste,Sturgis,663-826-2568,csturgiso8@jigsy.com,89144 Twin Pines Alley
Nelson,Skelbeck,262-354-4712,nskelbecko9@apache.org,262 Scofield Avenue
Pippa,Veeler,947-908-0064,pveeleroa@g.co,5 Memorial Pass
Thorn,McMurtyr,656-402-2622,tmcmurtyrob@unicef.org,5822 Melby Street
Merwyn,Ewer,845-120-9973,meweroc@earthlink.net,7 Walton Plaza
Della,Bretton,160-118-1524,dbrettonod@ameblo.jp,2699 School Circle
Rosene,Osgood,286-228-8526,rosgoodoe@jugem.jp,47788 Raven Terrace
Renaud,Scoyles,437-683-5420,rscoylesof@archive.org,33520 Fuller Way
Hulda,Sobieski,548-577-4926,hsobieskiog@freewebs.com,754 Lukken Center
Alf,Tommen,712-227-9764,atommenoh@blogspot.com,5 Grayhawk Parkway
Faythe,Wheadon,890-806-8989,fwheadonoi@histats.com,4 Hoard Lane
Hugibert,Alelsandrowicz,391-521-7126,halelsandrowiczoj@tinypic.com,87094 Parkside Lane
Kalvin,Argabrite,376-286-3241,kargabriteok@indiatimes.com,8960 Sugar Point
Asa,Hanley,815-310-2702,ahanleyol@dagondesign.com,66346 Havey Place
Andee,Meaders,885-396-6202,ameadersom@opera.com,8596 Debs Junction
Hayyim,Gatheral,279-683-4905,hgatheralon@photobucket.com,6784 Bellgrove Hill
Lucky,Stenning,475-793-7604,lstenningoo@dailymotion.com,197 Calypso Trail
Lela,Twaite,465-323-4936,ltwaiteop@is.gd,9661 Lakeland Crossing
Katharine,Beaver,708-722-7615,kbeaveroq@unicef.org,1754 Lake View Circle
Amandie,Elliman,588-806-1301,aellimanor@sohu.com,4 Glacier Hill Place
Christin,Costan,419-893-8469,ccostanos@shareasale.com,49 Banding Trail
Timi,Dubble,949-275-9246,tdubbleot@addtoany.com,560 Brentwood Plaza
Genni,Rabbe,796-149-1362,grabbeou@mashable.com,33676 Muir Terrace
Miof mela,Loblie,737-801-7389,mloblieov@ucoz.ru,71 Hoepker Circle
Eugenia,Doleman,682-804-0210,edolemanow@jugem.jp,6 Fisk Circle
Bayard,Keller,872-733-6318,bkellerox@hhs.gov,87913 Mariners Cove Place
Florencia,Michurin,854-553-7589,fmichurinoy@topsy.com,777 Schurz Court
Frankie,Iowarch,665-884-4807,fiowarchoz@amazonaws.com,0325 Helena Center
Myrtle,Dunckley,118-422-2220,mdunckleyp0@eepurl.com,3 Dwight Point
Peggi,Stoven,897-781-2713,pstovenp1@live.com,05 Holmberg Court
Eddy,McTrusty,855-704-1659,emctrustyp2@miitbeian.gov.cn,695 Nelson Crossing
Say,Ruzicka,428-718-7963,sruzickap3@whitehouse.gov,4 Brickson Park Center
Lelah,Stoate,346-242-5460,lstoatep4@hibu.com,1 Dahle Drive
Art,McCorry,139-822-1994,amccorryp5@java.com,44132 Stone Corner Terrace
Simone,Blissitt,661-121-5184,sblissittp6@mac.com,449 Little Fleur Crossing
Juli,Capstack,448-342-2258,jcapstackp7@ihg.com,966 Raven Crossing
Julie,Perotti,329-388-5909,jperottip8@dropbox.com,1416 Haas Parkway
Cheslie,Abelson,621-956-3150,cabelsonp9@macromedia.com,1 Comanche Road
Tanitansy,Helkin,858-555-5871,thelkinpa@paginegialle.it,37383 Mendota Hill
Ricky,Krier,995-779-7553,rkrierpb@bigcartel.com,00557 Hanover Junction
Angelika,Nilles,650-819-9895,anillespc@imageshack.us,43 Darwin Lane
Rasia,Trousdale,958-573-5447,rtrousdalepd@dmoz.org,4597 Bellgrove Plaza
Aridatha,Pettegre,127-844-8862,apettegrepe@craigslist.org,60 Waxwing Lane
Odele,Ringham,506-714-7496,oringhampf@hhs.gov,4 Holmberg Plaza
Amalie,Naton,882-795-4201,anatonpg@cnet.com,3 Center Court
Fenelia,Dollard,328-474-5570,fdollardph@issuu.com,486 Lerdahl Circle
Jocelyne,Poser,262-162-3242,jposerpi@webeden.co.uk,23086 Monica Park
Richart,Pavier,591-714-3956,rpavierpj@answers.com,62 Evergreen Pass
Robby,Buncom,112-678-4295,rbuncompk@cnn.com,39030 Ohio Trail
Raquel,Guittet,499-382-2713,rguittetpl@blog.com,32226 Arizona Street
Poul,Hanburry,829-531-2280,phanburrypm@over-blog.com,15 Ludington Hill
Saxon,Broz,237-830-9799,sbrozpn@earthlink.net,8017 Pennsylvania Terrace
Byrann,Alsobrook,550-390-2656,balsobrookpo@dedecms.com,6 Hanson Pass
Fleming,Haacker,713-655-8721,fhaackerpp@nationalgeographic.com,3943 Hoepker Point
Vivi,Woods,220-534-0945,vwoodspq@deviantart.com,000 Carey Way
Salvador,McRae,456-316-9069,smcraepr@unesco.org,85946 Logan Center
Eleonora,Alwen,488-899-6438,ealwenps@seesaa.net,141 Monument Junction
Timmy,Mustarde,240-542-0916,tmustardept@wired.com,728 Leroy Parkway
Brade,Patriskson,803-631-3767,bpatrisksonpu@163.com,284 Arizona Point
Margeaux,Absolon,458-889-4360,mabsolonpv@apache.org,3360 Pearson Point
Mathilde,Tennewell,764-468-4601,mtennewellpw@narod.ru,83 Express Avenue
Candide,Shovlar,351-308-6618,cshovlarpx@deliciousdays.com,3 Transport Drive
Granville,Filyukov,330-554-8590,gfilyukovpy@elegantthemes.com,2 Sunfield Road
Kane,Izac,163-932-2844,kizacpz@businessinsider.com,63 Gina Court
Johannah,Aspel,531-101-3181,jaspelq0@etsy.com,19 Gulseth Park
Maynord,Verillo,774-738-7134,mverilloq1@soundcloud.com,392 Dixon Point
Aharon,Casley,918-185-6198,acasleyq2@cafepress.com,22 Laurel Circle
Ricki,Gravener,313-413-9119,rgravenerq3@yelp.com,8 1st Alley
Elissa,Gawke,544-550-5086,egawkeq4@census.gov,1737 Marquette Plaza
Shani,Richard,451-995-1907,srichardq5@biglobe.ne.jp,2 Johnson Point
Rolf,Feenan,326-820-0683,rfeenanq6@cyberchimps.com,82 Havey Junction
Willis,Yateman,544-602-4283,wyatemanq7@wired.com,83689 Glacier Hill Trail
Gabbi,Twelvetrees,126-337-8641,gtwelvetreesq8@is.gd,33 High Crossing Park
Gage,Donwell,203-225-7185,gdonwellq9@skype.com,90196 Clemons Drive
Morse,Btham,339-733-2316,mbthamqa@umn.edu,23561 Thackeray Avenue
Tamar,Pughsley,650-704-9475,tpughsleyqb@nih.gov,634 Reindahl Place
Sarajane,Borit,305-651-6093,sboritqc@ftc.gov,5627 Burrows Plaza
Justinn,McIlory,242-272-2345,jmciloryqd@addthis.com,99585 Southridge Pass
Gerrie,Radish,896-627-3717,gradishqe@soundcloud.com,70251 Pierstorff Plaza
Sheena,McQuillan,186-828-8269,smcquillanqf@mail.ru,093 North Center
Levin,Ricioppo,387-632-6397,lricioppoqg@adobe.com,67 Merchant Park
Briggs,Mogenot,272-760-1157,bmogenotqh@acquirethisname.com,759 Bobwhite Drive
Colette,Bunch,619-890-9774,cbunchqi@com.com,19782 Hayes Road
Marline,Messam,275-961-1249,mmessamqj@sitemeter.com,5 Bultman Parkway
Gillan,Hurdis,205-667-8604,ghurdisqk@indiatimes.com,7 Talmadge Crossing
Barbette,Shoorbrooke,788-412-3024,bshoorbrookeql@msn.com,6 Bayside Trail
Elwood,Windridge,994-192-3691,ewindridgeqm@usda.gov,959 Moulton Road
Sunny,Gooder,237-156-3943,sgooderqn@shutterfly.com,716 American Crossing
Frederick,Vacher,612-858-5332,fvacherqo@hubpages.com,9029 Pierstorff Crossing
Juliet,Threadkell,463-757-6518,jthreadkellqp@digg.com,34637 Sycamore Lane
Richart,Tackett,841-287-9739,rtackettqq@booking.com,0621 Barnett Avenue
Madalena,Rignall,890-213-5085,mrignallqr@freewebs.com,543 Clarendon Park
Ode,Shakshaft,413-363-1033,oshakshaftqs@infoseek.co.jp,39750 Brown Lane
Burke,Casino,188-766-6698,bcasinoqt@hostgator.com,4134 Hermina Alley
Pooh,Stillgoe,537-934-4067,pstillgoequ@sfgate.com,1 Sage Hill
Carlotta,Halbord,257-959-6968,chalbordqv@shinystat.com,0 Arapahoe Crossing
Clayton,Micklewicz,308-900-6540,cmicklewiczqw@wordpress.com,18527 Derek Parkway
Ninon,De Angelo,342-526-1361,ndeangeloqx@infoseek.co.jp,45151 Eagle Crest Court
Harris,Samwaye,280-426-6422,hsamwayeqy@walmart.com,327 Continental Crossing
Jocelin,Benge,139-589-4574,jbengeqz@pagesperso-orange.fr,9 Columbus Terrace
Colline,Knutton,776-910-9166,cknuttonr0@squidoo.com,5956 Service Hill
Lane,Zupo,365-590-6766,lzupor1@phoca.cz,2 Fisk Pass
Gonzalo,Calderbank,181-769-3796,gcalderbankr2@psu.edu,15 Petterle Court
Coletta,O' Loughran,693-674-4241,coloughranr3@xing.com,343 Rigney Center
Adina,Penke,643-822-8559,apenker4@flickr.com,6890 Harbort Court
Abelard,Klaesson,676-973-6208,aklaessonr5@dion.ne.jp,44770 Loeprich Circle
Wait,Dowthwaite,493-196-7877,wdowthwaiter6@bigcartel.com,14 Leroy Drive
Moyra,Crowley,820-534-5984,mcrowleyr7@rambler.ru,0 Colorado Circle
Kinsley,Zarfat,632-843-8906,kzarfatr8@drupal.org,7496 Acker Pass
Hubert,Pauler,853-191-8804,hpaulerr9@sohu.com,67728 Wayridge Center
Maximilianus,Linder,739-884-9440,mlinderra@vimeo.com,35335 Nevada Drive
Conroy,Warrington,544-313-2122,cwarringtonrb@artisteer.com,60612 Mendota Terrace
Codee,O'Neill,378-193-5159,coneillrc@sfgate.com,63571 Thierer Alley
Fawnia,Trahar,112-136-8801,ftraharrd@umich.edu,7584 Fairfield Crossing
Sophia,Melburg,438-862-3056,smelburgre@prlog.org,75 Truax Crossing
Eveline,Shergill,729-943-8758,eshergillrf@dropbox.com,211 Portage Junction
Norman,Deans,536-628-6109,ndeansrg@hostgator.com,76934 Nelson Way
Latashia,Benoix,133-951-3463,lbenoixrh@jalbum.net,2 Paget Plaza
Roderich,Molder,136-631-5750,rmolderri@europa.eu,2 Prairie Rose Park
Gwenny,Nation,970-707-0093,gnationrj@nature.com,896 Lunder Point
Merle,Whyke,983-144-6520,mwhykerk@nymag.com,6909 Starling Avenue
Kimball,Tremathick,971-603-6921,ktremathickrl@xrea.com,0 Bashford Junction
Ilene,Coffey,460-627-6666,icoffeyrm@illinois.edu,79580 Petterle Center
Sigrid,Twelves,826-864-3421,stwelvesrn@freewebs.com,697 Mayer Court
Aymer,Evennett,791-879-2210,aevennettro@tuttocitta.it,1968 Pankratz Court
Ewell,Pren,923-803-3375,eprenrp@gizmodo.com,44 Fair Oaks Way
Nell,Fleming,268-260-2016,nflemingrq@nymag.com,64 Starling Parkway
Jeffrey,Prin,896-670-5760,jprinrr@github.com,56695 Arapahoe Crossing
